{
  "quantization_error": 0.5557470510259269,
  "kmeans_inertia": 0.27391348051245507,
  "silhouette_score": 0.5752891306275854,
  "davies_bouldin": 0.5244211753370713
}