{
  "quantization_error": 0.00572587487134622,
  "kmeans_inertia": 15.743662125531161,
  "silhouette_score": 0.3550298488226457,
  "davies_bouldin": 1.0665146565786974
}