{
  "quantization_error": 0.009423559705463623,
  "kmeans_inertia": 14.41506831795739,
  "silhouette_score": 0.38966267447002995,
  "davies_bouldin": 0.9217495843989018
}